{"cameraMode":{"drawMode":0,"name":"Shaded","section":"Shading Mode"},"sceneLighting":false,"audioPlay":false,"sceneViewState":{"m_AlwaysRefresh":false,"showFog":true,"showSkybox":false,"showFlares":true,"showImageEffects":true,"showParticleSystems":true,"showVisualEffectGraphs":true,"m_FxEnabled":true},"in2DMode":false,"pivot":{"x":4.550000190734863,"y":0.7179999947547913,"z":0.17100000381469727},"rotation":{"x":0.07306025177240372,"y":-0.43514442443847659,"z":0.03545501455664635,"w":0.8966925144195557},"size":0.34641003608703616,"orthographic":false}