{"cameraMode":{"drawMode":0,"name":"Shaded","section":"Shading Mode"},"sceneLighting":true,"audioPlay":false,"sceneViewState":{"m_AlwaysRefresh":false,"showFog":true,"showSkybox":true,"showFlares":true,"showImageEffects":true,"showParticleSystems":true,"showVisualEffectGraphs":true,"m_FxEnabled":true},"in2DMode":false,"pivot":{"x":1.2577190399169922,"y":2.129488468170166,"z":1.8703804016113282},"rotation":{"x":-0.15400810539722444,"y":0.8417814373970032,"z":-0.3171541094779968,"w":-0.4088127017021179},"size":0.14696182310581208,"orthographic":false}