{"cameraMode":{"drawMode":0,"name":"Shaded","section":"Shading Mode"},"sceneLighting":false,"audioPlay":false,"sceneViewState":{"m_AlwaysRefresh":false,"showFog":true,"showSkybox":false,"showFlares":true,"showImageEffects":true,"showParticleSystems":true,"showVisualEffectGraphs":true,"m_FxEnabled":true},"in2DMode":false,"pivot":{"x":-2.4367740154266359,"y":-3.4235076904296877,"z":0.2497117519378662},"rotation":{"x":0.009030546993017197,"y":0.7302035689353943,"z":-0.6831220984458923,"w":0.009622392244637013},"size":4.062455177307129,"orthographic":false}