{"cameraMode":{"drawMode":0,"name":"Shaded","section":"Shading Mode"},"sceneLighting":false,"audioPlay":false,"sceneViewState":{"m_AlwaysRefresh":false,"showFog":true,"showSkybox":false,"showFlares":true,"showImageEffects":true,"showParticleSystems":true,"showVisualEffectGraphs":true,"m_FxEnabled":true},"in2DMode":false,"pivot":{"x":-5.861809730529785,"y":1.0266014337539673,"z":-1.1844515800476075},"rotation":{"x":0.17501792311668397,"y":0.29473447799682619,"z":-0.05499403923749924,"w":0.9378165006637573},"size":0.8038663864135742,"orthographic":false}