{"cameraMode":{"drawMode":0,"name":"Shaded","section":"Shading Mode"},"sceneLighting":false,"audioPlay":false,"sceneViewState":{"m_AlwaysRefresh":false,"showFog":true,"showSkybox":false,"showFlares":true,"showImageEffects":true,"showParticleSystems":true,"showVisualEffectGraphs":true,"m_FxEnabled":true},"in2DMode":false,"pivot":{"x":10.801651000976563,"y":0.6299908757209778,"z":15.409408569335938},"rotation":{"x":0.31690680980682375,"y":-0.11372580379247666,"z":0.0383291095495224,"w":0.9408482909202576},"size":0.29935768246650698,"orthographic":false}