{"cameraMode":{"drawMode":0,"name":"Shaded","section":"Shading Mode"},"sceneLighting":false,"audioPlay":false,"sceneViewState":{"m_AlwaysRefresh":false,"showFog":true,"showSkybox":false,"showFlares":true,"showImageEffects":true,"showParticleSystems":true,"showVisualEffectGraphs":true,"m_FxEnabled":true},"in2DMode":false,"pivot":{"x":3.9759998321533205,"y":0.8870000243186951,"z":1.1965504884719849},"rotation":{"x":-0.08862576633691788,"y":0.4807180166244507,"z":-0.04893435165286064,"w":-0.8710305690765381},"size":0.5650415420532227,"orthographic":false}