{"cameraMode":{"drawMode":0,"name":"Shaded","section":"Shading Mode"},"sceneLighting":false,"audioPlay":false,"sceneViewState":{"m_AlwaysRefresh":false,"showFog":true,"showSkybox":false,"showFlares":true,"showImageEffects":true,"showParticleSystems":true,"showVisualEffectGraphs":true,"m_FxEnabled":true},"in2DMode":false,"pivot":{"x":0.5248619318008423,"y":1.6987824440002442,"z":1.1655504703521729},"rotation":{"x":-0.05091267451643944,"y":0.19233070313930512,"z":-0.010009530931711197,"w":-0.979973316192627},"size":1.405432105064392,"orthographic":false}