{"cameraMode":{"drawMode":0,"name":"Shaded","section":"Shading Mode"},"sceneLighting":false,"audioPlay":false,"sceneViewState":{"m_AlwaysRefresh":false,"showFog":true,"showSkybox":false,"showFlares":true,"showImageEffects":true,"showParticleSystems":true,"showVisualEffectGraphs":true,"m_FxEnabled":true},"in2DMode":false,"pivot":{"x":0.5100719928741455,"y":1.4946612119674683,"z":1.5460734367370606},"rotation":{"x":-0.44196176528930666,"y":-0.12814737856388093,"z":0.06393183767795563,"w":-0.8855491876602173},"size":1.4354606866836548,"orthographic":false}